{
    "name": "CamOneWireNg",
    "version": "0.14.0",
    "description": "Arduino 1-wire service library. OneWire alternative.",
    "keywords": ["onewire", "1-wire", "sensor", "temperature", "dallas", "ds18b20"],
    "homepage": "https://github.com/pstolarz/OneWireNg",
    "repository": {
        "type": "git",
        "url": "https://github.com/pstolarz/OneWireNg"
    },
    "authors": [
        {
            "name": "Piotr Stolarz",
            "email": "pstolarz@o2.pl",
            "maintainer": true
        }
    ],
    "license": "BSD-2-Clause",
    "frameworks": ["arduino", "espidf", "esp8266-rtos-sdk", "mbed"],
    "headers": ["OneWireNg_CurrentPlatform.h"]
}
